timestamp,simple-path,time
2021-08-09 14:22:19.914,/master/welcome,290
2021-08-09 14:22:20.131,/master/welcome,187
2021-08-09 14:22:20.83,/master/sign-in,591
2021-08-09 14:22:22.1,/master/welcome,591
2021-08-09 14:22:23.892,/master/welcome,178
2021-08-09 14:22:24.612,/master/welcome,598
2021-08-09 14:22:24.879,/master/welcome,157
2021-08-09 14:22:25.114,/master/welcome,190
2021-08-09 14:22:25.816,/master/sign-in,593
2021-08-09 14:22:27.094,/master/welcome,581
2021-08-09 14:22:27.949,/administrator/user-account/list,594
2021-08-09 14:22:28.86,/master/welcome,173
2021-08-09 14:22:29.065,/master/welcome,173
2021-08-09 14:22:29.768,/master/sign-in,590
2021-08-09 14:22:31.028,/master/welcome,590
2021-08-09 14:22:31.846,/administrator/user-account/list,587
2021-08-09 14:22:32.781,/master/welcome,187
2021-08-09 14:22:32.987,/master/welcome,176
2021-08-09 14:22:33.709,/master/sign-in,613
2021-08-09 14:22:34.974,/master/welcome,599
2021-08-09 14:22:35.81,/administrator/user-account/list,585
2021-08-09 14:22:36.736,/master/welcome,192
2021-08-09 14:22:36.923,/master/welcome,156
2021-08-09 14:22:37.621,/master/sign-in,587
2021-08-09 14:22:38.917,/master/welcome,596
2021-08-09 14:22:39.753,/administrator/user-account/list,598
2021-08-09 14:22:40.706,/master/welcome,221
2021-08-09 14:22:40.989,/administrator/user-account/list,251
2021-08-09 14:22:44.053,/master/welcome,265
2021-08-09 14:22:44.276,/master/welcome,196
2021-08-09 14:22:44.981,/master/sign-in,598
2021-08-09 14:22:46.22,/master/welcome,590
2021-08-09 14:22:48.066,/master/welcome,218
2021-08-09 14:22:48.782,/master/welcome,590
2021-08-09 14:22:49.049,/master/welcome,189
2021-08-09 14:22:49.255,/master/welcome,174
2021-08-09 14:22:49.957,/master/sign-in,594
2021-08-09 14:22:51.23,/master/welcome,596
2021-08-09 14:22:52.052,/administrator/user-account/list,603
2021-08-09 14:22:52.899,/administrator/user-account/show,580
2021-08-09 14:22:53.52,/master/welcome,206
2021-08-09 14:22:54.242,/master/welcome,605
2021-08-09 14:22:54.494,/master/welcome,179
2021-08-09 14:22:54.695,/master/welcome,173
2021-08-09 14:22:55.4,/master/sign-in,596
2021-08-09 14:22:56.662,/master/welcome,593
2021-08-09 14:22:57.493,/administrator/user-account/list,597
2021-08-09 14:22:58.325,/administrator/user-account/show,601
2021-08-09 14:22:58.944,/master/welcome,189
2021-08-09 14:22:59.657,/master/welcome,590
2021-08-09 14:22:59.968,/master/welcome,210
2021-08-09 14:23:00.193,/master/welcome,189
2021-08-09 14:23:00.89,/master/sign-in,591
2021-08-09 14:23:02.166,/master/welcome,604
2021-08-09 14:23:02.98,/administrator/user-account/list,593
2021-08-09 14:23:03.817,/administrator/user-account/show,597
2021-08-09 14:23:04.448,/master/welcome,198
2021-08-09 14:23:05.159,/master/welcome,596
2021-08-09 14:23:05.437,/master/welcome,200
2021-08-09 14:23:05.672,/master/welcome,206
2021-08-09 14:23:06.374,/master/sign-in,594
2021-08-09 14:23:07.652,/master/welcome,595
2021-08-09 14:23:08.47,/administrator/user-account/list,590
2021-08-09 14:23:09.307,/administrator/user-account/show,597
2021-08-09 14:23:09.919,/master/welcome,201
2021-08-09 14:23:10.622,/master/welcome,593
2021-08-09 14:23:10.869,/master/welcome,170
2021-08-09 14:23:11.241,/administrator/user-account/show,340
2021-08-09 14:23:14.152,/master/welcome,248
2021-08-09 14:23:14.377,/master/welcome,189
2021-08-09 14:23:15.074,/master/sign-in,587
2021-08-09 14:23:16.31,/master/welcome,585
2021-08-09 14:23:18.138,/master/welcome,204
2021-08-09 14:23:18.838,/master/welcome,591
2021-08-09 14:23:19.09,/master/welcome,173
2021-08-09 14:23:19.297,/master/welcome,179
2021-08-09 14:23:20.015,/master/sign-in,595
2021-08-09 14:23:21.289,/master/welcome,591
2021-08-09 14:23:22.14,/manager/task/create,598
2021-08-09 14:23:23.817,/master/welcome,585
2021-08-09 14:23:24.58,/manager/task/list-mine,589
2021-08-09 14:23:25.411,/manager/task/show,600
2021-08-09 14:23:26.096,/master/welcome,170
2021-08-09 14:23:26.786,/master/welcome,580
2021-08-09 14:23:27.049,/master/welcome,187
2021-08-09 14:23:27.255,/master/welcome,175
2021-08-09 14:23:27.955,/master/sign-in,598
2021-08-09 14:23:29.197,/master/welcome,589
2021-08-09 14:23:30.002,/manager/task/create,584
2021-08-09 14:23:31.41,/master/welcome,597
2021-08-09 14:23:32.193,/manager/task/list-mine,614
2021-08-09 14:23:33.017,/manager/task/show,594
2021-08-09 14:23:33.685,/master/welcome,168
2021-08-09 14:23:34.4,/master/welcome,601
2021-08-09 14:23:34.68,/master/welcome,204
2021-08-09 14:23:34.89,/master/welcome,180
2021-08-09 14:23:35.593,/master/sign-in,595
2021-08-09 14:23:36.889,/master/welcome,605
2021-08-09 14:23:37.706,/manager/task/create,601
2021-08-09 14:23:39.115,/master/welcome,596
2021-08-09 14:23:39.89,/manager/task/list-mine,602
2021-08-09 14:23:40.71,/manager/task/show,593
2021-08-09 14:23:41.337,/master/welcome,176
2021-08-09 14:23:42.037,/master/welcome,593
2021-08-09 14:23:42.303,/master/welcome,191
2021-08-09 14:23:42.506,/master/welcome,175
2021-08-09 14:23:43.238,/master/sign-in,608
2021-08-09 14:23:44.483,/master/welcome,595
2021-08-09 14:23:45.307,/manager/task/create,606
2021-08-09 14:23:46.745,/master/welcome,610
2021-08-09 14:23:47.529,/manager/task/list-mine,612
2021-08-09 14:23:48.371,/manager/task/show,596
2021-08-09 14:23:49.0,/master/welcome,178
2021-08-09 14:23:49.703,/master/welcome,597
2021-08-09 14:23:49.949,/master/welcome,176
2021-08-09 14:23:50.151,/master/welcome,177
2021-08-09 14:23:50.852,/master/sign-in,591
2021-08-09 14:23:52.115,/master/welcome,595
2021-08-09 14:23:52.931,/manager/task/create,600
2021-08-09 14:23:54.443,/master/welcome,579
2021-08-09 14:23:55.24,/manager/task/list-mine,588
2021-08-09 14:23:56.095,/manager/task/show,610
2021-08-09 14:23:56.715,/master/welcome,176
2021-08-09 14:23:57.418,/master/welcome,589
2021-08-09 14:23:57.7,/master/welcome,203
2021-08-09 14:23:57.934,/master/welcome,202
2021-08-09 14:23:58.636,/master/sign-in,591
2021-08-09 14:23:59.933,/master/welcome,591
2021-08-09 14:24:00.762,/manager/task/create,594
2021-08-09 14:24:02.099,/manager/task/create,604
2021-08-09 14:24:02.377,/master/welcome,178
2021-08-09 14:24:03.083,/master/welcome,595
2021-08-09 14:24:03.343,/master/welcome,182
2021-08-09 14:24:03.546,/master/welcome,169
2021-08-09 14:24:04.251,/master/sign-in,582
2021-08-09 14:24:05.527,/master/welcome,590
2021-08-09 14:24:06.357,/manager/task/create,607
2021-08-09 14:24:07.777,/manager/task/create,587
2021-08-09 14:24:08.075,/master/welcome,175
2021-08-09 14:24:08.777,/master/welcome,599
2021-08-09 14:24:09.025,/master/welcome,176
2021-08-09 14:24:09.245,/master/welcome,188
2021-08-09 14:24:09.954,/master/sign-in,595
2021-08-09 14:24:11.222,/master/welcome,591
2021-08-09 14:24:12.024,/manager/task/create,585
2021-08-09 14:24:13.497,/manager/task/create,608
2021-08-09 14:24:13.745,/master/welcome,171
2021-08-09 14:24:14.452,/master/welcome,598
2021-08-09 14:24:14.695,/master/welcome,170
2021-08-09 14:24:14.914,/master/welcome,188
2021-08-09 14:24:15.62,/master/sign-in,600
2021-08-09 14:24:16.925,/master/welcome,613
2021-08-09 14:24:17.739,/manager/task/create,589
2021-08-09 14:24:19.172,/manager/task/create,586
2021-08-09 14:24:19.392,/master/welcome,174
2021-08-09 14:24:20.087,/master/welcome,585
2021-08-09 14:24:20.357,/master/welcome,189
2021-08-09 14:24:20.56,/master/welcome,173
2021-08-09 14:24:21.27,/master/sign-in,607
2021-08-09 14:24:22.57,/master/welcome,599
2021-08-09 14:24:23.406,/manager/task/create,589
2021-08-09 14:24:24.847,/manager/task/create,596
2021-08-09 14:24:25.082,/master/welcome,189
2021-08-09 14:24:25.839,/master/welcome,616
2021-08-09 14:24:26.148,/master/welcome,232
2021-08-09 14:24:26.369,/master/welcome,189
2021-08-09 14:24:27.102,/master/sign-in,610
2021-08-09 14:24:28.382,/master/welcome,598
2021-08-09 14:24:29.198,/manager/task/create,596
2021-08-09 14:24:30.624,/manager/task/create,610
2021-08-09 14:24:30.894,/master/welcome,195
2021-08-09 14:24:31.627,/master/welcome,612
2021-08-09 14:24:31.879,/master/welcome,177
2021-08-09 14:24:32.082,/master/welcome,170
2021-08-09 14:24:32.78,/master/sign-in,589
2021-08-09 14:24:34.11,/master/welcome,615
2021-08-09 14:24:34.931,/manager/task/create,590
2021-08-09 14:24:36.58,/manager/task/create,598
2021-08-09 14:24:36.811,/master/welcome,174
2021-08-09 14:24:37.515,/master/welcome,595
2021-08-09 14:24:40.472,/master/welcome,277
2021-08-09 14:24:40.699,/master/welcome,200
2021-08-09 14:24:41.398,/master/sign-in,585
2021-08-09 14:24:42.647,/master/welcome,592
2021-08-09 14:24:44.472,/master/welcome,193
2021-08-09 14:24:45.208,/master/welcome,596
2021-08-09 14:24:45.477,/master/welcome,173
2021-08-09 14:24:45.691,/master/welcome,173
2021-08-09 14:24:46.397,/master/sign-in,594
2021-08-09 14:24:47.675,/master/welcome,597
2021-08-09 14:24:47.996,/manager/task/show,240
2021-08-09 14:24:49.093,/master/welcome,611
2021-08-09 14:24:49.328,/manager/task/show,205
2021-08-09 14:24:49.563,/master/welcome,174
2021-08-09 14:24:49.771,/master/welcome,182
2021-08-09 14:24:50.47,/master/welcome,593
2021-08-09 14:24:50.696,/master/welcome,153
2021-08-09 14:24:51.392,/master/sign-in,592
2021-08-09 14:24:52.645,/master/welcome,594
2021-08-09 14:24:54.47,/master/welcome,204
2021-08-09 14:24:55.189,/master/welcome,606
2021-08-09 14:24:55.457,/master/welcome,188
2021-08-09 14:24:55.66,/master/welcome,172
2021-08-09 14:24:56.364,/master/sign-in,591
2021-08-09 14:24:57.682,/master/welcome,593
2021-08-09 14:24:57.949,/manager/task/show,192
2021-08-09 14:25:00.867,/master/welcome,247
2021-08-09 14:25:01.082,/master/welcome,184
2021-08-09 14:25:01.792,/master/sign-in,587
2021-08-09 14:25:03.046,/master/welcome,596
2021-08-09 14:25:04.857,/master/welcome,208
2021-08-09 14:25:05.592,/master/welcome,583
2021-08-09 14:25:05.843,/master/welcome,176
2021-08-09 14:25:06.046,/master/welcome,176
2021-08-09 14:25:06.743,/master/sign-in,592
2021-08-09 14:25:08.028,/master/welcome,600
2021-08-09 14:25:08.345,/manager/task/show,222
2021-08-09 14:25:09.014,/master/welcome,199
2021-08-09 14:25:09.234,/master/welcome,190
2021-08-09 14:25:09.956,/master/sign-in,613
2021-08-09 14:25:11.227,/master/welcome,585
2021-08-09 14:25:11.511,/manager/task/show,210
2021-08-09 14:25:14.528,/master/welcome,257
2021-08-09 14:25:14.744,/master/welcome,184
2021-08-09 14:25:15.443,/master/sign-in,587
2021-08-09 14:25:16.684,/master/welcome,595
2021-08-09 14:25:18.494,/master/welcome,189
2021-08-09 14:25:19.198,/master/welcome,595
2021-08-09 14:25:19.451,/master/welcome,178
2021-08-09 14:25:19.638,/master/welcome,160
2021-08-09 14:25:20.34,/master/sign-in,582
2021-08-09 14:25:21.637,/master/welcome,610
2021-08-09 14:25:22.457,/manager/task/list-mine,599
2021-08-09 14:25:23.286,/manager/task/show,597
2021-08-09 14:25:24.674,/manager/task/list-mine,601
2021-08-09 14:25:27.353,/manager/task/show,592
2021-08-09 14:25:27.957,/master/welcome,208
2021-08-09 14:25:28.668,/master/welcome,606
2021-08-09 14:25:28.934,/master/welcome,187
2021-08-09 14:25:29.138,/master/welcome,172
2021-08-09 14:25:29.838,/master/sign-in,588
2021-08-09 14:25:31.105,/master/welcome,579
2021-08-09 14:25:31.921,/manager/task/list-mine,595
2021-08-09 14:25:32.739,/manager/task/show,583
2021-08-09 14:25:34.272,/manager/task/list-mine,603
2021-08-09 14:25:37.88,/manager/task/show,600
2021-08-09 14:25:38.494,/master/welcome,195
2021-08-09 14:25:39.224,/master/welcome,617
2021-08-09 14:25:39.478,/master/welcome,178
2021-08-09 14:25:39.685,/master/welcome,175
2021-08-09 14:25:40.379,/master/sign-in,593
2021-08-09 14:25:41.652,/master/welcome,599
2021-08-09 14:25:42.478,/manager/task/list-mine,590
2021-08-09 14:25:43.321,/manager/task/show,609
2021-08-09 14:25:44.708,/manager/task/list-mine,594
2021-08-09 14:25:47.343,/manager/task/show,582
2021-08-09 14:25:47.962,/master/welcome,174
2021-08-09 14:25:48.657,/master/welcome,591
2021-08-09 14:25:48.907,/master/welcome,170
2021-08-09 14:25:49.133,/master/welcome,189
2021-08-09 14:25:49.842,/master/sign-in,593
2021-08-09 14:25:51.11,/master/welcome,581
2021-08-09 14:25:51.924,/manager/task/list-mine,581
2021-08-09 14:25:52.748,/manager/task/show,586
2021-08-09 14:25:54.216,/manager/task/list-mine,628
2021-08-09 14:25:56.837,/manager/task/show,606
2021-08-09 14:25:57.431,/master/welcome,172
2021-08-09 14:25:58.139,/master/welcome,597
2021-08-09 14:25:58.436,/master/welcome,199
2021-08-09 14:25:58.63,/master/welcome,170
2021-08-09 14:25:59.331,/master/sign-in,592
2021-08-09 14:26:00.618,/master/welcome,609
2021-08-09 14:26:01.428,/manager/task/list-mine,593
2021-08-09 14:26:02.254,/manager/task/show,594
2021-08-09 14:26:03.582,/manager/task/update,595
2021-08-09 14:26:03.874,/master/welcome,172
2021-08-09 14:26:04.094,/master/welcome,190
2021-08-09 14:26:04.796,/master/sign-in,588
2021-08-09 14:26:06.057,/master/welcome,592
2021-08-09 14:26:06.874,/manager/task/list-mine,595
2021-08-09 14:26:07.701,/manager/task/show,601
2021-08-09 14:26:09.119,/manager/task/update,598
2021-08-09 14:26:09.439,/master/welcome,171
2021-08-09 14:26:09.646,/master/welcome,178
2021-08-09 14:26:10.334,/master/sign-in,584
2021-08-09 14:26:11.618,/master/welcome,597
2021-08-09 14:26:12.438,/manager/task/list-mine,594
2021-08-09 14:26:13.255,/manager/task/show,593
2021-08-09 14:26:14.938,/manager/task/update,591
2021-08-09 14:26:15.191,/master/welcome,163
2021-08-09 14:26:15.405,/master/welcome,176
2021-08-09 14:26:16.109,/master/sign-in,590
2021-08-09 14:26:17.399,/master/welcome,590
2021-08-09 14:26:18.216,/manager/task/list-mine,586
2021-08-09 14:26:19.048,/manager/task/show,593
2021-08-09 14:26:20.64,/manager/task/update,593
2021-08-09 14:26:20.879,/master/welcome,177
2021-08-09 14:26:21.084,/master/welcome,175
2021-08-09 14:26:21.79,/master/sign-in,597
2021-08-09 14:26:23.048,/master/welcome,590
2021-08-09 14:26:23.86,/manager/task/list-mine,591
2021-08-09 14:26:24.688,/manager/task/show,593
2021-08-09 14:26:26.09,/manager/task/update,595
2021-08-09 14:26:26.326,/master/welcome,169
2021-08-09 14:26:26.546,/master/welcome,188
2021-08-09 14:26:27.259,/master/sign-in,600
2021-08-09 14:26:28.549,/master/welcome,596
2021-08-09 14:26:29.385,/manager/task/list-mine,600
2021-08-09 14:26:30.217,/manager/task/show,597
2021-08-09 14:26:31.663,/manager/task/update,609
2021-08-09 14:26:31.913,/master/welcome,194
2021-08-09 14:26:32.122,/master/welcome,180
2021-08-09 14:26:32.808,/master/sign-in,581
2021-08-09 14:26:34.097,/master/welcome,583
2021-08-09 14:26:34.921,/manager/task/list-mine,602
2021-08-09 14:26:35.774,/manager/task/show,604
2021-08-09 14:26:37.326,/manager/task/update,593
2021-08-09 14:26:40.401,/master/welcome,240
2021-08-09 14:26:40.603,/master/welcome,171
2021-08-09 14:26:41.304,/master/sign-in,596
2021-08-09 14:26:42.552,/master/welcome,590
2021-08-09 14:26:44.351,/master/welcome,187
2021-08-09 14:26:45.056,/master/welcome,596
2021-08-09 14:26:45.32,/master/welcome,188
2021-08-09 14:26:46.082,/anonymous/shout/list,592
2021-08-09 14:26:47.209,/master/welcome,177
2021-08-09 14:26:48.002,/anonymous/shout/list,604
2021-08-09 14:26:49.081,/master/welcome,157
2021-08-09 14:26:49.269,/master/welcome,157
2021-08-09 14:26:50.003,/master/sign-in,594
2021-08-09 14:26:51.286,/master/welcome,594
2021-08-09 14:26:51.628,/anonymous/shout/list,266
2021-08-09 14:26:54.675,/master/welcome,255
2021-08-09 14:26:54.863,/master/welcome,157
2021-08-09 14:26:55.558,/master/sign-in,586
2021-08-09 14:26:56.849,/master/welcome,595
2021-08-09 14:26:58.646,/master/welcome,190
2021-08-09 14:26:59.364,/master/welcome,600
2021-08-09 14:26:59.663,/master/welcome,221
2021-08-09 14:27:00.459,/anonymous/shout/create,593
2021-08-09 14:27:01.472,/master/welcome,594
2021-08-09 14:27:02.304,/anonymous/shout/list,644
2021-08-09 14:27:03.243,/master/welcome,175
2021-08-09 14:27:04.008,/anonymous/shout/create,585
2021-08-09 14:27:05.05,/master/welcome,599
2021-08-09 14:27:05.817,/anonymous/shout/list,595
2021-08-09 14:27:07.642,/master/welcome,171
2021-08-09 14:27:08.406,/anonymous/shout/create,590
2021-08-09 14:27:09.472,/master/welcome,597
2021-08-09 14:27:10.24,/anonymous/shout/list,596
2021-08-09 14:27:12.06,/master/welcome,156
2021-08-09 14:27:12.83,/anonymous/shout/create,598
2021-08-09 14:27:13.805,/anonymous/shout/create,591
2021-08-09 14:27:14.059,/master/welcome,173
2021-08-09 14:27:14.822,/anonymous/shout/create,594
2021-08-09 14:27:15.834,/anonymous/shout/create,585
2021-08-09 14:27:16.056,/master/welcome,158
2021-08-09 14:27:16.832,/anonymous/shout/create,594
2021-08-09 14:27:17.83,/anonymous/shout/create,591
2021-08-09 14:27:18.05,/master/welcome,150
2021-08-09 14:27:18.817,/anonymous/shout/create,590
2021-08-09 14:27:19.86,/anonymous/shout/create,599
2021-08-09 14:27:20.072,/master/welcome,159
2021-08-09 14:27:20.87,/anonymous/shout/create,593
2021-08-09 14:27:21.897,/anonymous/shout/create,608
2021-08-09 14:27:22.126,/master/welcome,156
2021-08-09 14:27:22.901,/anonymous/shout/create,591
2021-08-09 14:27:23.952,/anonymous/shout/create,597
2021-08-09 14:27:26.86,/master/welcome,226
2021-08-09 14:27:27.046,/master/welcome,148
2021-08-09 14:27:27.743,/master/sign-in,590
2021-08-09 14:27:28.991,/master/welcome,593
2021-08-09 14:27:30.797,/master/welcome,170
2021-08-09 14:27:31.503,/master/welcome,593
2021-08-09 14:27:31.744,/master/welcome,153
2021-08-09 14:27:32.528,/anonymous/task/list,609
2021-08-09 14:27:35.086,/master/welcome,163
2021-08-09 14:27:35.839,/anonymous/task/list,576
2021-08-09 14:27:36.276,/master/welcome,157
2021-08-09 14:27:37.041,/anonymous/task/list,591
2021-08-09 14:27:37.459,/master/welcome,156
2021-08-09 14:27:38.235,/anonymous/task/list,577
2021-08-09 14:27:38.714,/master/welcome,158
2021-08-09 14:27:38.902,/master/welcome,158
2021-08-09 14:27:39.601,/master/sign-in,593
2021-08-09 14:27:40.883,/master/welcome,596
2021-08-09 14:27:41.137,/anonymous/task/list,175
2021-08-09 14:27:44.0,/master/welcome,228
2021-08-09 14:27:44.186,/master/welcome,158
2021-08-09 14:27:44.888,/master/sign-in,592
2021-08-09 14:27:46.135,/master/welcome,595
2021-08-09 14:27:47.936,/master/welcome,174
2021-08-09 14:27:48.626,/master/welcome,580
2021-08-09 14:27:48.879,/master/welcome,175
2021-08-09 14:27:49.116,/anonymous/task/show,205
2021-08-09 14:27:49.676,/master/welcome,158
2021-08-09 14:27:49.879,/anonymous/task/show,175
2021-08-09 14:27:52.779,/master/welcome,243
2021-08-09 14:27:52.979,/master/welcome,170
2021-08-09 14:27:53.694,/master/sign-in,591
2021-08-09 14:27:54.942,/master/welcome,594
2021-08-09 14:27:56.797,/master/welcome,234
2021-08-09 14:27:57.509,/master/welcome,600
2021-08-09 14:27:57.734,/master/welcome,158
2021-08-09 14:27:57.925,/master/welcome,160
2021-08-09 14:27:58.621,/master/sign-in,589
2021-08-09 14:27:59.924,/master/welcome,636
2021-08-09 14:28:00.744,/authenticated/user-account/update,582
2021-08-09 14:28:02.028,/master/welcome,585
2021-08-09 14:28:02.831,/authenticated/user-account/update,592
2021-08-09 14:28:03.205,/master/welcome,158
2021-08-09 14:28:03.897,/master/welcome,589
2021-08-09 14:28:04.132,/master/welcome,158
2021-08-09 14:28:04.32,/master/welcome,160
2021-08-09 14:28:05.009,/master/sign-in,581
2021-08-09 14:28:06.275,/master/welcome,594
2021-08-09 14:28:07.084,/authenticated/user-account/update,591
2021-08-09 14:28:08.436,/master/welcome,609
2021-08-09 14:28:09.246,/authenticated/user-account/update,595
2021-08-09 14:28:09.626,/master/welcome,157
2021-08-09 14:28:10.343,/master/welcome,602
2021-08-09 14:28:10.592,/master/welcome,169
2021-08-09 14:28:10.813,/master/welcome,188
2021-08-09 14:28:11.534,/master/sign-in,603
2021-08-09 14:28:12.815,/master/welcome,594
2021-08-09 14:28:13.63,/authenticated/user-account/update,596
2021-08-09 14:28:14.857,/authenticated/user-account/update,596
2021-08-09 14:28:15.114,/master/welcome,163
2021-08-09 14:28:15.302,/master/welcome,157
2021-08-09 14:28:16.029,/master/sign-in,604
2021-08-09 14:28:17.338,/master/welcome,642
2021-08-09 14:28:18.152,/authenticated/user-account/update,593
2021-08-09 14:28:19.455,/authenticated/user-account/update,596
2021-08-09 14:28:22.354,/master/welcome,231
2021-08-09 14:28:22.562,/master/welcome,172
2021-08-09 14:28:23.277,/master/sign-in,591
2021-08-09 14:28:24.522,/master/welcome,594
2021-08-09 14:28:26.309,/master/welcome,178
2021-08-09 14:28:27.041,/master/welcome,611
2021-08-09 14:28:27.277,/master/welcome,159
2021-08-09 14:28:27.465,/master/welcome,153
2021-08-09 14:28:28.162,/anonymous/user-account/create,581
2021-08-09 14:28:29.979,/master/welcome,608
2021-08-09 14:28:30.166,/master/welcome,156
2021-08-09 14:28:30.869,/master/sign-in,592
2021-08-09 14:28:32.123,/master/welcome,584
2021-08-09 14:28:32.95,/authenticated/manager/create,589
2021-08-09 14:28:33.608,/master/welcome,597
2021-08-09 14:28:33.826,/master/welcome,163
2021-08-09 14:28:34.046,/authenticated/manager/create,189
2021-08-09 14:28:36.932,/master/welcome,224
2021-08-09 14:28:37.132,/master/welcome,167
2021-08-09 14:28:37.832,/master/sign-in,592
2021-08-09 14:28:39.081,/master/welcome,595
2021-08-09 14:28:40.901,/master/welcome,174
2021-08-09 14:28:41.606,/master/welcome,598
2021-08-09 14:28:41.841,/master/welcome,157
2021-08-09 14:28:42.045,/master/welcome,172
2021-08-09 14:28:42.745,/master/sign-in,592
2021-08-09 14:28:44.019,/master/welcome,588
2021-08-09 14:28:44.873,/administrator/spamconfig/list,622
2021-08-09 14:28:45.7,/administrator/spamconfig/show,595
2021-08-09 14:28:46.446,/administrator/spamconfig/list,592
2021-08-09 14:28:46.65,/master/welcome,161
2021-08-09 14:28:46.838,/master/welcome,158
2021-08-09 14:28:47.541,/master/sign-in,594
2021-08-09 14:28:48.843,/master/welcome,606
2021-08-09 14:28:49.662,/administrator/spamconfig/list,592
2021-08-09 14:28:50.501,/administrator/spamconfig/show,609
2021-08-09 14:28:51.24,/administrator/spamconfig/list,582
2021-08-09 14:28:51.459,/master/welcome,173
2021-08-09 14:28:51.65,/master/welcome,161
2021-08-09 14:28:52.352,/master/sign-in,594
2021-08-09 14:28:53.643,/master/welcome,604
2021-08-09 14:28:54.438,/administrator/spamconfig/list,587
2021-08-09 14:28:55.249,/administrator/spamconfig/show,580
2021-08-09 14:28:55.996,/administrator/spamconfig/list,593
2021-08-09 14:28:56.231,/master/welcome,188
2021-08-09 14:28:56.451,/administrator/spamconfig/show,190
2021-08-09 14:28:56.703,/master/welcome,174
2021-08-09 14:28:56.909,/administrator/spamconfig/show,174
2021-08-09 14:28:57.122,/master/welcome,155
2021-08-09 14:28:57.328,/administrator/spamconfig/show,178
2021-08-09 14:29:00.185,/master/welcome,228
2021-08-09 14:29:00.371,/master/welcome,155
2021-08-09 14:29:01.071,/master/sign-in,590
2021-08-09 14:29:02.311,/master/welcome,590
2021-08-09 14:29:04.093,/master/welcome,170
2021-08-09 14:29:04.789,/master/welcome,589
2021-08-09 14:29:05.023,/master/welcome,159
2021-08-09 14:29:05.212,/master/welcome,159
2021-08-09 14:29:05.93,/master/sign-in,607
2021-08-09 14:29:07.179,/master/welcome,593
2021-08-09 14:29:07.978,/administrator/threshold/list,581
2021-08-09 14:29:08.812,/administrator/threshold/show,596
2021-08-09 14:29:09.586,/administrator/threshold/list,592
2021-08-09 14:29:10.439,/administrator/threshold/show,609
2021-08-09 14:29:10.714,/master/welcome,170
2021-08-09 14:29:11.448,/master/welcome,594
2021-08-09 14:29:11.721,/master/welcome,191
2021-08-09 14:29:11.907,/master/welcome,162
2021-08-09 14:29:12.617,/master/sign-in,603
2021-08-09 14:29:13.871,/master/welcome,593
2021-08-09 14:29:14.693,/administrator/threshold/list,610
2021-08-09 14:29:15.52,/administrator/threshold/show,594
2021-08-09 14:29:16.32,/administrator/threshold/list,615
2021-08-09 14:29:17.139,/administrator/threshold/show,580
2021-08-09 14:29:17.421,/master/welcome,192
2021-08-09 14:29:18.122,/master/welcome,596
2021-08-09 14:29:18.391,/master/welcome,174
2021-08-09 14:29:18.645,/master/welcome,211
2021-08-09 14:29:19.34,/master/sign-in,594
2021-08-09 14:29:20.605,/master/welcome,590
2021-08-09 14:29:21.439,/administrator/threshold/list,612
2021-08-09 14:29:22.279,/administrator/threshold/show,590
2021-08-09 14:29:23.052,/administrator/threshold/list,585
2021-08-09 14:29:23.876,/administrator/threshold/show,591
2021-08-09 14:29:24.175,/master/welcome,206
2021-08-09 14:29:24.893,/master/welcome,600
2021-08-09 14:29:25.147,/master/welcome,165
2021-08-09 14:29:25.336,/master/welcome,158
2021-08-09 14:29:26.03,/master/sign-in,589
2021-08-09 14:29:27.272,/master/welcome,582
2021-08-09 14:29:28.074,/administrator/threshold/list,585
2021-08-09 14:29:28.915,/administrator/threshold/show,596
2021-08-09 14:29:29.681,/administrator/threshold/update,584
2021-08-09 14:29:29.902,/master/welcome,176
2021-08-09 14:29:30.605,/master/welcome,594
2021-08-09 14:29:30.844,/master/welcome,161
2021-08-09 14:29:31.033,/master/welcome,160
2021-08-09 14:29:31.724,/master/sign-in,580
2021-08-09 14:29:32.987,/master/welcome,592
2021-08-09 14:29:33.805,/administrator/threshold/list,574
2021-08-09 14:29:34.64,/administrator/threshold/show,591
2021-08-09 14:29:35.42,/administrator/threshold/update,597
2021-08-09 14:29:35.637,/master/welcome,171
2021-08-09 14:29:36.356,/master/welcome,606
2021-08-09 14:29:36.611,/master/welcome,180
2021-08-09 14:29:36.811,/master/welcome,169
2021-08-09 14:29:37.507,/master/sign-in,586
2021-08-09 14:29:38.878,/master/welcome,606
2021-08-09 14:29:39.715,/administrator/threshold/list,589
2021-08-09 14:29:40.543,/administrator/threshold/show,592
2021-08-09 14:29:41.315,/administrator/threshold/update,586
2021-08-09 14:29:41.539,/master/welcome,179
2021-08-09 14:29:42.228,/master/welcome,580
2021-08-09 14:29:45.192,/master/welcome,244
2021-08-09 14:29:45.391,/master/welcome,173
2021-08-09 14:29:46.089,/master/sign-in,593
2021-08-09 14:29:47.336,/master/welcome,592
2021-08-09 14:29:49.155,/master/welcome,192
2021-08-09 14:29:49.884,/master/welcome,594
2021-08-09 14:29:50.122,/master/welcome,160
2021-08-09 14:29:50.326,/master/welcome,170
2021-08-09 14:29:51.025,/master/sign-in,589
2021-08-09 14:29:52.293,/master/welcome,593
2021-08-09 14:29:53.14,/administrator/spamconfig/create,583
2021-08-09 14:29:53.956,/master/welcome,581
2021-08-09 14:29:54.712,/administrator/spamconfig/list,587
2021-08-09 14:29:55.535,/administrator/spamconfig/show,591
2021-08-09 14:29:55.81,/master/welcome,172
2021-08-09 14:29:56.507,/master/welcome,596
2021-08-09 14:29:56.749,/master/welcome,167
2021-08-09 14:29:57.447,/master/sign-in,597
2021-08-09 14:29:58.707,/master/welcome,582
2021-08-09 14:29:59.526,/manager/task/list-mine,598
2021-08-09 14:30:00.34,/manager/task/show,584
2021-08-09 14:30:01.134,/manager/task/update,601
2021-08-09 14:30:01.346,/master/welcome,162
2021-08-09 14:30:02.038,/master/welcome,593
2021-08-09 14:30:02.275,/master/welcome,159
2021-08-09 14:30:02.5,/master/welcome,194
2021-08-09 14:30:03.205,/master/sign-in,595
2021-08-09 14:30:04.487,/master/welcome,595
2021-08-09 14:30:05.316,/administrator/spamconfig/create,587
2021-08-09 14:30:06.137,/master/welcome,630
2021-08-09 14:30:06.913,/administrator/spamconfig/list,605
2021-08-09 14:30:07.732,/administrator/spamconfig/show,593
2021-08-09 14:30:08.022,/master/welcome,190
2021-08-09 14:30:08.721,/master/welcome,597
2021-08-09 14:30:08.951,/master/welcome,171
2021-08-09 14:30:09.653,/master/sign-in,588
2021-08-09 14:30:10.92,/master/welcome,593
2021-08-09 14:30:11.731,/manager/task/list-mine,579
2021-08-09 14:30:12.548,/manager/task/show,592
2021-08-09 14:30:13.342,/manager/task/update,604
2021-08-09 14:30:13.543,/master/welcome,157
2021-08-09 14:30:14.253,/master/welcome,581
2021-08-09 14:30:14.508,/master/welcome,172
2021-08-09 14:30:14.702,/master/welcome,159
2021-08-09 14:30:15.413,/master/sign-in,595
2021-08-09 14:30:16.682,/master/welcome,581
2021-08-09 14:30:17.498,/administrator/spamconfig/create,594
2021-08-09 14:30:18.268,/master/welcome,580
2021-08-09 14:30:19.041,/administrator/spamconfig/list,602
2021-08-09 14:30:19.904,/administrator/spamconfig/show,598
2021-08-09 14:30:20.171,/master/welcome,176
2021-08-09 14:30:20.879,/master/welcome,597
2021-08-09 14:30:21.096,/master/welcome,158
2021-08-09 14:30:21.802,/master/sign-in,597
2021-08-09 14:30:23.159,/master/welcome,605
2021-08-09 14:30:23.963,/manager/task/list-mine,579
2021-08-09 14:30:24.781,/manager/task/show,588
2021-08-09 14:30:25.575,/manager/task/update,602
2021-08-09 14:30:25.794,/master/welcome,173
2021-08-09 14:30:26.515,/master/welcome,595
2021-08-09 14:30:26.752,/master/welcome,159
2021-08-09 14:30:26.926,/master/welcome,142
2021-08-09 14:30:27.646,/master/sign-in,611
2021-08-09 14:30:28.953,/master/welcome,583
2021-08-09 14:30:29.755,/administrator/spamconfig/create,584
2021-08-09 14:30:30.545,/administrator/spamconfig/create,584
2021-08-09 14:30:30.775,/master/welcome,189
2021-08-09 14:30:31.495,/master/welcome,612
2021-08-09 14:30:31.781,/master/welcome,211
2021-08-09 14:30:32.003,/master/welcome,200
2021-08-09 14:30:32.724,/master/sign-in,593
2021-08-09 14:30:34.005,/master/welcome,587
2021-08-09 14:30:34.812,/administrator/spamconfig/create,587
2021-08-09 14:30:35.604,/administrator/spamconfig/create,590
2021-08-09 14:30:35.825,/master/welcome,174
2021-08-09 14:30:36.546,/master/welcome,614
2021-08-09 14:30:39.476,/master/welcome,251
2021-08-09 14:30:39.692,/master/welcome,184
2021-08-09 14:30:40.391,/master/sign-in,595
2021-08-09 14:30:41.636,/master/welcome,591
2021-08-09 14:30:43.441,/master/welcome,175
2021-08-09 14:30:44.162,/master/welcome,607
2021-08-09 14:30:44.393,/master/welcome,161
2021-08-09 14:30:44.59,/master/welcome,157
2021-08-09 14:30:45.284,/master/sign-in,592
2021-08-09 14:30:46.553,/master/welcome,596
2021-08-09 14:30:46.838,/administrator/spamconfig/show,195
2021-08-09 14:30:47.561,/master/welcome,597
2021-08-09 14:30:47.781,/administrator/spamconfig/show,183
2021-08-09 14:30:48.016,/master/welcome,174
2021-08-09 14:30:48.719,/master/welcome,592
2021-08-09 14:30:48.951,/master/welcome,156
2021-08-09 14:30:49.174,/administrator/spamconfig/show,192
2021-08-09 14:30:52.046,/master/welcome,223
2021-08-09 14:30:52.251,/master/welcome,172
2021-08-09 14:30:52.949,/master/sign-in,593
2021-08-09 14:30:54.21,/master/welcome,590
2021-08-09 14:30:56.015,/master/welcome,174
2021-08-09 14:30:56.717,/master/welcome,597
2021-08-09 14:30:56.965,/master/welcome,157
2021-08-09 14:30:57.169,/master/welcome,173
2021-08-09 14:30:57.87,/master/sign-in,591
2021-08-09 14:30:59.149,/master/welcome,594
2021-08-09 14:30:59.991,/administrator/threshold/list,585
2021-08-09 14:31:00.819,/administrator/threshold/show,593
2021-08-09 14:31:01.553,/administrator/threshold/list,593
2021-08-09 14:31:01.759,/master/welcome,158
2021-08-09 14:31:01.965,/administrator/threshold/show,179
2021-08-09 14:31:05.009,/master/welcome,226
2021-08-09 14:31:05.242,/master/welcome,199
2021-08-09 14:31:05.947,/master/sign-in,593
2021-08-09 14:31:07.185,/master/welcome,586
2021-08-09 14:31:09.001,/master/welcome,181
2021-08-09 14:31:09.754,/master/welcome,603
2021-08-09 14:31:09.985,/master/welcome,154
2021-08-09 14:31:10.175,/master/welcome,158
2021-08-09 14:31:10.878,/master/sign-in,592
2021-08-09 14:31:12.204,/master/welcome,619
2021-08-09 14:31:13.06,/administrator/spamconfig/list,598
2021-08-09 14:31:13.892,/administrator/spamconfig/show,598
2021-08-09 14:31:14.68,/administrator/spamconfig/list,583
2021-08-09 14:31:15.525,/administrator/spamconfig/show,597
2021-08-09 14:31:15.822,/master/welcome,192
2021-08-09 14:31:16.012,/master/welcome,160
2021-08-09 14:31:16.703,/master/sign-in,582
2021-08-09 14:31:17.963,/master/welcome,587
2021-08-09 14:31:18.778,/administrator/spamconfig/list,595
2021-08-09 14:31:19.614,/administrator/spamconfig/show,601
2021-08-09 14:31:20.377,/administrator/spamconfig/update,594
2021-08-09 14:31:20.612,/master/welcome,177
2021-08-09 14:31:20.816,/master/welcome,178
2021-08-09 14:31:21.553,/master/sign-in,600
2021-08-09 14:31:22.837,/master/welcome,597
2021-08-09 14:31:23.652,/administrator/spamconfig/list,583
2021-08-09 14:31:24.479,/administrator/spamconfig/show,596
2021-08-09 14:31:25.258,/administrator/spamconfig/update,592
2021-08-09 14:31:28.16,/master/welcome,225
2021-08-09 14:31:28.363,/master/welcome,171
2021-08-09 14:31:29.054,/master/sign-in,586
2021-08-09 14:31:30.302,/master/welcome,591
2021-08-09 14:31:32.08,/master/welcome,171
2021-08-09 14:31:32.782,/master/welcome,596
2021-08-09 14:31:33.017,/master/welcome,159
2021-08-09 14:31:33.213,/master/welcome,157
2021-08-09 14:31:33.912,/master/sign-in,595
2021-08-09 14:31:35.189,/master/welcome,594
2021-08-09 14:31:36.037,/administrator/spamconfig/list,597
2021-08-09 14:31:36.479,/master/welcome,159
2021-08-09 14:31:36.668,/master/welcome,159
2021-08-09 14:31:37.374,/master/sign-in,596
2021-08-09 14:31:38.652,/master/welcome,592
2021-08-09 14:31:39.511,/administrator/spamconfig/list,627
2021-08-09 14:31:39.983,/master/welcome,174
2021-08-09 14:31:40.186,/master/welcome,173
2021-08-09 14:31:40.89,/master/sign-in,593
2021-08-09 14:31:42.14,/master/welcome,579
2021-08-09 14:31:42.954,/administrator/spamconfig/list,593
2021-08-09 14:31:43.421,/master/welcome,141
2021-08-09 14:31:43.626,/administrator/spamconfig/list,174
2021-08-09 14:31:46.515,/master/welcome,212
2021-08-09 14:31:46.716,/master/welcome,171
2021-08-09 14:31:47.419,/master/sign-in,590
2021-08-09 14:31:48.68,/master/welcome,597
2021-08-09 14:31:50.497,/master/welcome,188
2021-08-09 14:31:51.217,/master/welcome,612
2021-08-09 14:31:51.454,/master/welcome,159
2021-08-09 14:31:51.642,/master/welcome,158
2021-08-09 14:31:52.354,/master/sign-in,587
2021-08-09 14:31:53.62,/master/welcome,591
2021-08-09 14:31:54.45,/administrator/threshold/list,598
2021-08-09 14:31:55.064,/master/welcome,328
2021-08-09 14:31:55.257,/master/welcome,163
2021-08-09 14:31:55.954,/master/sign-in,593
2021-08-09 14:31:57.238,/master/welcome,598
2021-08-09 14:31:57.595,/administrator/threshold/list,285
2021-08-09 14:32:00.542,/master/welcome,277
2021-08-09 14:32:00.755,/master/welcome,181
2021-08-09 14:32:01.453,/master/sign-in,589
2021-08-09 14:32:02.705,/master/welcome,595
2021-08-09 14:32:04.592,/master/welcome,219
2021-08-09 14:32:05.32,/master/welcome,604
2021-08-09 14:32:05.591,/master/welcome,188
2021-08-09 14:32:05.81,/master/welcome,188
2021-08-09 14:32:06.518,/master/sign-in,602
2021-08-09 14:32:07.792,/master/welcome,604
2021-08-09 14:32:08.098,/authenticated/task/show,226
2021-08-09 14:32:08.695,/master/welcome,159
2021-08-09 14:32:08.885,/master/welcome,161
2021-08-09 14:32:09.579,/master/sign-in,583
2021-08-09 14:32:10.851,/master/welcome,591
2021-08-09 14:32:11.104,/authenticated/task/show,171
2021-08-09 14:32:14.653,/master/welcome,276
2021-08-09 14:32:14.849,/master/welcome,169
2021-08-09 14:32:15.548,/master/sign-in,591
2021-08-09 14:32:16.798,/master/welcome,596
2021-08-09 14:32:18.619,/master/welcome,173
2021-08-09 14:32:19.322,/master/welcome,596
2021-08-09 14:32:19.573,/master/welcome,175
2021-08-09 14:32:19.764,/master/welcome,160
2021-08-09 14:32:20.485,/master/sign-in,612
2021-08-09 14:32:21.765,/master/welcome,593
2021-08-09 14:32:22.586,/authenticated/task/list,583
2021-08-09 14:32:24.644,/master/welcome,175
2021-08-09 14:32:24.849,/master/welcome,173
2021-08-09 14:32:25.585,/master/sign-in,603
2021-08-09 14:32:26.864,/master/welcome,583
2021-08-09 14:32:27.669,/authenticated/task/list,593
2021-08-09 14:32:28.142,/master/welcome,177
2021-08-09 14:32:28.348,/master/welcome,173
2021-08-09 14:32:29.051,/master/sign-in,594
2021-08-09 14:32:30.322,/master/welcome,597
2021-08-09 14:32:31.123,/authenticated/task/list,582
2021-08-09 14:32:31.543,/master/welcome,155
2021-08-09 14:32:31.749,/authenticated/task/list,174
2021-08-09 14:32:34.752,/master/welcome,223
2021-08-09 14:32:34.939,/master/welcome,158
2021-08-09 14:32:35.638,/master/sign-in,590
2021-08-09 14:32:36.874,/master/welcome,584
2021-08-09 14:32:38.686,/master/welcome,189
2021-08-09 14:32:39.406,/master/welcome,611
2021-08-09 14:32:39.64,/master/welcome,158
2021-08-09 14:32:39.861,/master/welcome,189
2021-08-09 14:32:40.555,/anonymous/user-account/create,584
2021-08-09 14:32:42.341,/master/welcome,593
2021-08-09 14:32:42.561,/master/welcome,158
2021-08-09 14:32:43.27,/master/sign-in,597
2021-08-09 14:32:44.564,/master/welcome,608
2021-08-09 14:32:44.874,/master/welcome,219
2021-08-09 14:32:45.568,/master/welcome,578
2021-08-09 14:32:45.819,/master/welcome,168
2021-08-09 14:32:46.006,/master/welcome,157
2021-08-09 14:32:46.751,/anonymous/user-account/create,606
2021-08-09 14:32:48.541,/master/welcome,602
2021-08-09 14:32:48.755,/master/welcome,156
2021-08-09 14:32:49.459,/master/sign-in,595
2021-08-09 14:32:50.724,/master/welcome,582
2021-08-09 14:32:50.975,/master/welcome,162
2021-08-09 14:32:51.707,/master/welcome,596
2021-08-09 14:32:51.949,/master/welcome,170
2021-08-09 14:32:52.647,/anonymous/user-account/create,588
2021-08-09 14:32:54.366,/anonymous/user-account/create,579
2021-08-09 14:32:54.65,/master/welcome,173
2021-08-09 14:32:54.869,/master/welcome,173
2021-08-09 14:32:55.573,/anonymous/user-account/create,593
2021-08-09 14:32:57.347,/anonymous/user-account/create,601
2021-08-09 14:32:57.564,/master/welcome,171
2021-08-09 14:32:57.77,/master/welcome,160
2021-08-09 14:32:58.482,/anonymous/user-account/create,597
2021-08-09 14:33:00.237,/anonymous/user-account/create,597
2021-08-09 14:33:00.506,/master/welcome,161
2021-08-09 14:33:00.711,/master/welcome,160
2021-08-09 14:33:01.411,/anonymous/user-account/create,584
2021-08-09 14:33:02.843,/anonymous/user-account/create,583
2021-08-09 14:33:03.044,/master/welcome,158
2021-08-09 14:33:05.944,/master/welcome,272
2021-08-09 14:33:06.144,/master/welcome,170
2021-08-09 14:33:06.848,/master/sign-in,592
2021-08-09 14:33:08.091,/master/welcome,595
2021-08-09 14:33:09.887,/master/welcome,175
2021-08-09 14:33:10.603,/master/welcome,603
2021-08-09 14:33:10.837,/master/welcome,157
2021-08-09 14:33:11.024,/master/welcome,158
2021-08-09 14:33:11.74,/master/sign-in,587
2021-08-09 14:33:13.06,/master/welcome,597
2021-08-09 14:33:13.907,/administrator/dashboard/show,610
2021-08-09 14:33:14.175,/master/welcome,156
2021-08-09 14:33:14.383,/administrator/dashboard/show,179
